-- MySQL dump 10.13  Distrib 5.7.17, for Win64 (x86_64)
--
-- Host: 192.168.33.10    Database: vehicle_insurance_schema
-- ------------------------------------------------------
-- Server version	5.7.19-0ubuntu0.16.04.1

/*!40101 SET @OLD_CHARACTER_SET_CLIENT=@@CHARACTER_SET_CLIENT */;
/*!40101 SET @OLD_CHARACTER_SET_RESULTS=@@CHARACTER_SET_RESULTS */;
/*!40101 SET @OLD_COLLATION_CONNECTION=@@COLLATION_CONNECTION */;
/*!40101 SET NAMES utf8 */;
/*!40103 SET @OLD_TIME_ZONE=@@TIME_ZONE */;
/*!40103 SET TIME_ZONE='+00:00' */;
/*!40014 SET @OLD_UNIQUE_CHECKS=@@UNIQUE_CHECKS, UNIQUE_CHECKS=0 */;
/*!40014 SET @OLD_FOREIGN_KEY_CHECKS=@@FOREIGN_KEY_CHECKS, FOREIGN_KEY_CHECKS=0 */;
/*!40101 SET @OLD_SQL_MODE=@@SQL_MODE, SQL_MODE='NO_AUTO_VALUE_ON_ZERO' */;
/*!40111 SET @OLD_SQL_NOTES=@@SQL_NOTES, SQL_NOTES=0 */;

--
-- Table structure for table `INSURANCE`
--

DROP TABLE IF EXISTS `INSURANCE`;
/*!40101 SET @saved_cs_client     = @@character_set_client */;
/*!40101 SET character_set_client = utf8 */;
CREATE TABLE `INSURANCE` (
  `INSURANCE_ID` int(11) NOT NULL,
  `TYPE` varchar(45) DEFAULT NULL,
  `EXPIRY_DATE` varchar(10) DEFAULT NULL,
  `INSURANCEcol` varchar(45) DEFAULT NULL,
  PRIMARY KEY (`INSURANCE_ID`)
) ENGINE=InnoDB DEFAULT CHARSET=latin1;
/*!40101 SET character_set_client = @saved_cs_client */;

--
-- Dumping data for table `INSURANCE`
--

LOCK TABLES `INSURANCE` WRITE;
/*!40000 ALTER TABLE `INSURANCE` DISABLE KEYS */;
INSERT INTO `INSURANCE` VALUES (1,'SIMPLE','30/3/2017',NULL),(2,'SIMPLE','17/5/2017',NULL),(3,'SIMPLE','16/11/2017',NULL),(4,'SIMPLE','28/11/2017',NULL),(5,'SIMPLE','31/11/2017',NULL),(6,'SIMPLE','17/12/2017',NULL),(7,'SIMPLE','6/12/2017',NULL),(8,'SIMPLE','24/6/2017',NULL),(9,'SIMPLE','24/12/2017',NULL),(10,'SIMPLE','14/3/2017',NULL),(11,'SIMPLE','31/10/2017',NULL),(12,'SIMPLE','22/12/2017',NULL),(13,'SIMPLE','2/6/2017',NULL),(14,'SIMPLE','17/12/2017',NULL),(15,'SIMPLE','30/02/2017',NULL),(16,'SIMPLE','2/6/2017',NULL),(17,'SIMPLE','27/2/2017',NULL),(18,'SIMPLE','30/8/2017',NULL),(19,'SIMPLE','30/12/2017',NULL),(20,'SIMPLE','5/6/2017',NULL),(21,'SIMPLE','30/4/2017',NULL),(22,'SIMPLE','31/11/2017',NULL),(23,'SIMPLE','8/9/2017',NULL),(24,'SIMPLE','30/6/2017',NULL),(25,'SIMPLE','30/11/2017',NULL),(26,'SIMPLE','15/11/2017',NULL),(27,'SIMPLE','15/8/2017',NULL),(28,'SIMPLE','13/4/2017',NULL),(29,'SIMPLE','30/11/2017',NULL),(30,'SIMPLE','29/7/2017',NULL),(31,'SIMPLE','3/11/2017',NULL),(32,'SIMPLE','31/06/2017',NULL),(33,'SIMPLE','31/12/2017',NULL),(34,'SIMPLE','24/11/2017',NULL),(35,'SIMPLE','9/1/2017',NULL),(36,'SIMPLE','31/04/2017',NULL),(37,'SIMPLE','25/10/2017',NULL),(38,'SIMPLE','30/11/2017',NULL),(39,'SIMPLE','30/11/2017',NULL),(40,'SIMPLE','14/2/2017',NULL),(41,'SIMPLE','13/4/2017',NULL),(42,'SIMPLE','2/3/2017',NULL),(43,'SIMPLE','2/3/2017',NULL),(44,'SIMPLE','8/12/2017',NULL),(45,'SIMPLE','8/10/2017',NULL),(46,'SIMPLE','6/11/2017',NULL),(47,'SIMPLE','18/10/2017',NULL),(48,'SIMPLE','30/4/2017',NULL),(49,'SIMPLE','6/11/2017',NULL),(50,'SIMPLE','2/5/2017',NULL),(51,'SIMPLE','31/11/2017',NULL),(52,'SIMPLE','2/10/2017',NULL),(53,'SIMPLE','30/4/2017',NULL),(54,'SIMPLE','21/10/2017',NULL),(55,'SIMPLE','30/12/2017',NULL),(56,'SIMPLE','12/6/2017',NULL),(57,'SIMPLE','18/3/2017',NULL),(58,'SIMPLE','30/8/2017',NULL),(59,'SIMPLE','5/12/2017',NULL),(60,'SIMPLE','30/12/2017',NULL),(61,'SIMPLE','23/2/2017',NULL),(62,'SIMPLE','27/3/2017',NULL),(63,'SIMPLE','31/12/2017',NULL),(64,'SIMPLE','30/10/2017',NULL),(65,'SIMPLE','5/9/2017',NULL),(66,'SIMPLE','9/11/2017',NULL),(67,'SIMPLE','12/12/2017',NULL),(68,'SIMPLE','1/12/2017',NULL),(69,'SIMPLE','10/4/2017',NULL),(70,'SIMPLE','31/7/2017',NULL),(71,'SIMPLE','28/1/2017',NULL),(72,'SIMPLE','30/9/2017',NULL),(73,'SIMPLE','30/11/2017',NULL),(74,'SIMPLE','5/2/2017',NULL),(75,'SIMPLE','30/6/2017',NULL),(76,'SIMPLE','30/7/2017',NULL),(77,'SIMPLE','4/7/2017',NULL),(78,'SIMPLE','2/11/2017',NULL),(79,'SIMPLE','6/10/2017',NULL),(80,'SIMPLE','4/11/2017',NULL),(81,'SIMPLE','31/09/2017',NULL),(82,'SIMPLE','31/12/2017',NULL),(83,'SIMPLE','30/12/2017',NULL),(84,'SIMPLE','31/12/2017',NULL),(85,'SIMPLE','31/7/2017',NULL),(86,'SIMPLE','1/10/2017',NULL),(87,'SIMPLE','9/2/2017',NULL),(88,'SIMPLE','17/11/2017',NULL),(89,'SIMPLE','31/3/2017',NULL),(90,'SIMPLE','8/12/2017',NULL),(91,'SIMPLE','5/4/2017',NULL),(92,'SIMPLE','30/4/2017',NULL),(93,'SIMPLE','18/8/2017',NULL),(94,'SIMPLE','16/3/2017',NULL),(95,'SIMPLE','7/2/2017',NULL),(96,'SIMPLE','31/12/2017',NULL),(97,'SIMPLE','8/12/2017',NULL),(98,'SIMPLE','31/12/2017',NULL),(99,'SIMPLE','22/7/2017',NULL);
/*!40000 ALTER TABLE `INSURANCE` ENABLE KEYS */;
UNLOCK TABLES;

--
-- Table structure for table `OWNER`
--

DROP TABLE IF EXISTS `OWNER`;
/*!40101 SET @saved_cs_client     = @@character_set_client */;
/*!40101 SET character_set_client = utf8 */;
CREATE TABLE `OWNER` (
  `OWNER_ID` int(11) NOT NULL,
  `NAME` varchar(45) DEFAULT NULL,
  `SURNAME` varchar(45) DEFAULT NULL,
  PRIMARY KEY (`OWNER_ID`)
) ENGINE=InnoDB DEFAULT CHARSET=latin1;
/*!40101 SET character_set_client = @saved_cs_client */;

--
-- Dumping data for table `OWNER`
--

LOCK TABLES `OWNER` WRITE;
/*!40000 ALTER TABLE `OWNER` DISABLE KEYS */;
INSERT INTO `OWNER` VALUES (121722759,'NAME','SURNAME'),(124396681,'NAME','SURNAME'),(135831262,'NAME','SURNAME'),(157263235,'NAME','SURNAME'),(165868577,'NAME','SURNAME'),(172597757,'NAME','SURNAME'),(173757962,'NAME','SURNAME'),(198348482,'NAME','SURNAME'),(218855875,'NAME','SURNAME'),(234872587,'NAME','SURNAME'),(235375176,'NAME','SURNAME'),(238853296,'NAME','SURNAME'),(269694388,'NAME','SURNAME'),(269948358,'NAME','SURNAME'),(273585751,'NAME','SURNAME'),(273692696,'NAME','SURNAME'),(274221338,'NAME','SURNAME'),(274474213,'NAME','SURNAME'),(275157765,'NAME','SURNAME'),(284882531,'NAME','SURNAME'),(285976844,'NAME','SURNAME'),(338772452,'NAME','SURNAME'),(352728664,'NAME','SURNAME'),(356233876,'NAME','SURNAME'),(363353577,'NAME','SURNAME'),(397235274,'NAME','SURNAME'),(418586227,'NAME','SURNAME'),(431598952,'NAME','SURNAME'),(435769937,'NAME','SURNAME'),(436886962,'NAME','SURNAME'),(462371248,'NAME','SURNAME'),(477278314,'NAME','SURNAME'),(478271732,'NAME','SURNAME'),(479847686,'NAME','SURNAME'),(482689558,'NAME','SURNAME'),(483371662,'NAME','SURNAME'),(489438135,'NAME','SURNAME'),(517382636,'NAME','SURNAME'),(546441243,'NAME','SURNAME'),(554428533,'NAME','SURNAME'),(563757688,'NAME','SURNAME'),(567347463,'NAME','SURNAME'),(568687564,'NAME','SURNAME'),(573196555,'NAME','SURNAME'),(584635543,'NAME','SURNAME'),(591712381,'NAME','SURNAME'),(598569673,'NAME','SURNAME'),(614634335,'NAME','SURNAME'),(617552736,'NAME','SURNAME'),(623437783,'NAME','SURNAME'),(625563245,'NAME','SURNAME'),(632825377,'NAME','SURNAME'),(642412445,'NAME','SURNAME'),(645856447,'NAME','SURNAME'),(647628227,'NAME','SURNAME'),(649537453,'NAME','SURNAME'),(652583685,'NAME','SURNAME'),(653132338,'NAME','SURNAME'),(653341121,'NAME','SURNAME'),(653558773,'NAME','SURNAME'),(659244578,'NAME','SURNAME'),(662262784,'NAME','SURNAME'),(663437535,'NAME','SURNAME'),(667762123,'NAME','SURNAME'),(674979774,'NAME','SURNAME'),(675987857,'NAME','SURNAME'),(678351696,'NAME','SURNAME'),(683433862,'NAME','SURNAME'),(722636846,'NAME','SURNAME'),(726641673,'NAME','SURNAME'),(732622633,'NAME','SURNAME'),(736649871,'NAME','SURNAME'),(744477362,'NAME','SURNAME'),(746344754,'NAME','SURNAME'),(746368515,'NAME','SURNAME'),(746745952,'NAME','SURNAME'),(752776636,'NAME','SURNAME'),(755147888,'NAME','SURNAME'),(759863592,'NAME','SURNAME'),(768227626,'NAME','SURNAME'),(772259269,'NAME','SURNAME'),(785276352,'NAME','SURNAME'),(818386667,'NAME','SURNAME'),(836788715,'NAME','SURNAME'),(842327564,'NAME','SURNAME'),(851394267,'NAME','SURNAME'),(857629321,'NAME','SURNAME'),(857773627,'NAME','SURNAME'),(858949495,'NAME','SURNAME'),(865832383,'NAME','SURNAME'),(875447484,'NAME','SURNAME'),(883242245,'NAME','SURNAME'),(885481379,'NAME','SURNAME'),(885543168,'NAME','SURNAME'),(946484452,'NAME','SURNAME'),(964141136,'NAME','SURNAME'),(978253249,'NAME','SURNAME'),(981295678,'NAME','SURNAME'),(984168537,'NAME','SURNAME');
/*!40000 ALTER TABLE `OWNER` ENABLE KEYS */;
UNLOCK TABLES;

--
-- Table structure for table `VEHICLE`
--

DROP TABLE IF EXISTS `VEHICLE`;
/*!40101 SET @saved_cs_client     = @@character_set_client */;
/*!40101 SET character_set_client = utf8 */;
CREATE TABLE `VEHICLE` (
  `PLATE_NUMBER` varchar(10) NOT NULL,
  `BRAND` varchar(45) DEFAULT NULL,
  `TYPE` varchar(45) DEFAULT NULL,
  `CC` int(5) DEFAULT NULL,
  `INSURANCE_ID` int(11) NOT NULL,
  `OWNER_ID` int(11) NOT NULL,
  PRIMARY KEY (`PLATE_NUMBER`),
  KEY `fk_VEHICLE_INSURANCE_idx` (`INSURANCE_ID`),
  KEY `fk_VEHICLE_OWNER1_idx` (`OWNER_ID`),
  CONSTRAINT `fk_VEHICLE_INSURANCE` FOREIGN KEY (`INSURANCE_ID`) REFERENCES `INSURANCE` (`INSURANCE_ID`) ON DELETE NO ACTION ON UPDATE NO ACTION,
  CONSTRAINT `fk_VEHICLE_OWNER1` FOREIGN KEY (`OWNER_ID`) REFERENCES `OWNER` (`OWNER_ID`) ON DELETE NO ACTION ON UPDATE NO ACTION
) ENGINE=InnoDB DEFAULT CHARSET=latin1;
/*!40101 SET character_set_client = @saved_cs_client */;

--
-- Dumping data for table `VEHICLE`
--

LOCK TABLES `VEHICLE` WRITE;
/*!40000 ALTER TABLE `VEHICLE` DISABLE KEYS */;
INSERT INTO `VEHICLE` VALUES ('AHE-0072','BRAND','TYPE',1600,22,978253249),('AHE-0470','BRAND','TYPE',1600,86,964141136),('AHE-0471','BRAND','TYPE',1600,46,234872587),('AHE-7474','BRAND','TYPE',1600,27,483371662),('AME-8756','BRAND','TYPE',1600,41,662262784),('AME-8757','BRAND','TYPE',1600,20,591712381),('AME-8758','BRAND','TYPE',1600,19,617552736),('AME-8759','BRAND','TYPE',1600,67,857629321),('EEN-8232','BRAND','TYPE',1600,36,435769937),('EET-4788','BRAND','TYPE',1600,28,883242245),('EHI-9567','BRAND','TYPE',1600,87,172597757),('EHN-1887','BRAND','TYPE',1600,49,584635543),('EIO-3583','BRAND','TYPE',1600,16,759863592),('EKE-4621','BRAND','TYPE',1600,54,653558773),('EKI-1227','BRAND','TYPE',1600,30,857773627),('EKY-6122','BRAND','TYPE',1600,78,517382636),('EOK-7456','BRAND','TYPE',1600,45,431598952),('EOT-9412','BRAND','TYPE',1600,12,173757962),('ETH-2865','BRAND','TYPE',1600,5,274474213),('ETT-8764','BRAND','TYPE',1600,97,218855875),('HAI-9212','BRAND','TYPE',1600,93,235375176),('HEI-3466','BRAND','TYPE',1600,24,653341121),('HHN-2748','BRAND','TYPE',1600,18,274221338),('HKE-8867','BRAND','TYPE',1600,1,818386667),('HKM-9977','BRAND','TYPE',1600,13,573196555),('HTI-4872','BRAND','TYPE',1600,33,625563245),('HTI-7772','BRAND','TYPE',1600,69,397235274),('HTO-7818','BRAND','TYPE',1600,52,275157765),('IAE-4855','BRAND','TYPE',1600,17,338772452),('IET-8623','BRAND','TYPE',1600,91,642412445),('IHN-5992','BRAND','TYPE',1600,77,568687564),('ITE-2579','BRAND','TYPE',1600,7,746368515),('ITK-7338','BRAND','TYPE',1600,99,269694388),('ITT-4695','BRAND','TYPE',1600,96,746344754),('KAE-4243','BRAND','TYPE',1600,39,842327564),('KAO-5287','BRAND','TYPE',1600,95,489438135),('KAT-4376','BRAND','TYPE',1600,75,598569673),('KAT-8826','BRAND','TYPE',1600,71,135831262),('KEA-7852','BRAND','TYPE',1600,4,273692696),('KEH-3622','BRAND','TYPE',1600,66,614634335),('KEK-7689','BRAND','TYPE',1600,3,785276352),('KEK-7825','BRAND','TYPE',1600,89,645856447),('KKE-3242','BRAND','TYPE',1600,81,981295678),('KKT-2112','BRAND','TYPE',1600,6,363353577),('KKT-6316','BRAND','TYPE',1600,32,746745952),('KNK-2646','BRAND','TYPE',1600,59,157263235),('KNN-5626','BRAND','TYPE',1600,64,418586227),('KNT-5237','BRAND','TYPE',1600,73,851394267),('KNT-7655','BRAND','TYPE',1600,43,165868577),('KOA-6592','BRAND','TYPE',1600,62,647628227),('KOE-8456','BRAND','TYPE',1600,84,238853296),('KOT-7288','BRAND','TYPE',1600,60,752776636),('KPN-8373','BRAND','TYPE',1600,2,674979774),('KPT-4354','BRAND','TYPE',1600,38,667762123),('KTE-6337','BRAND','TYPE',1600,21,478271732),('KTE-8757','BRAND','TYPE',1600,74,462371248),('KTH-7722','BRAND','TYPE',1600,68,652583685),('KTI-5473','BRAND','TYPE',1600,14,768227626),('KXE-6523','BRAND','TYPE',1600,63,659244578),('KYE-1337','BRAND','TYPE',1600,94,285976844),('KYT-7518','BRAND','TYPE',1600,11,436886962),('MBT-3232','BRAND','TYPE',1600,70,623437783),('MEN-3483','BRAND','TYPE',1600,26,984168537),('MHO-9643','BRAND','TYPE',1600,80,755147888),('MPI-1629','BRAND','TYPE',1600,31,653132338),('NBK-2826','BRAND','TYPE',1600,92,269948358),('NEE-2368','BRAND','TYPE',1600,23,352728664),('NEE-4336','BRAND','TYPE',1600,79,567347463),('NEP-2462','BRAND','TYPE',1600,35,356233876),('NKE-5666','BRAND','TYPE',1600,72,736649871),('OHI-2864','BRAND','TYPE',1600,37,121722759),('OKK-4664','BRAND','TYPE',1600,88,732622633),('OTI-2367','BRAND','TYPE',1600,48,479847686),('OTZ-8422','BRAND','TYPE',1600,98,482689558),('PIA-3362','BRAND','TYPE',1600,58,121722759),('TAT-4735','BRAND','TYPE',1600,8,632825377),('TAY-9864','BRAND','TYPE',1600,25,772259269),('TET-1685','BRAND','TYPE',1600,85,885543168),('TEX-4472','BRAND','TYPE',1600,55,675987857),('THI-5298','BRAND','TYPE',1600,83,946484452),('THI-6663','BRAND','TYPE',1600,15,546441243),('TIT-4897','BRAND','TYPE',1600,29,649537453),('TKB-7824','BRAND','TYPE',1600,51,885481379),('TKH-2845','BRAND','TYPE',1600,42,477278314),('TMK-4799','BRAND','TYPE',1600,50,744477362),('TOT-8966','BRAND','TYPE',1600,82,663437535),('TPY-8773','BRAND','TYPE',1600,47,273585751),('TTH-7363','BRAND','TYPE',1600,9,722636846),('TTK-6245','BRAND','TYPE',1600,57,563757688),('TTK-8256','BRAND','TYPE',1600,40,875447484),('TTT-4837','BRAND','TYPE',1600,61,678351696),('TTT-8832','BRAND','TYPE',1600,34,554428533),('TTY-6496','BRAND','TYPE',1600,76,836788715),('TXP-7536','BRAND','TYPE',1600,65,865832383),('XAT-3132','BRAND','TYPE',1600,10,674979774),('XEH-3642','BRAND','TYPE',1600,56,683433862),('XTE-2748','BRAND','TYPE',1600,53,858949495),('XYX-1676','BRAND','TYPE',1600,44,726641673),('YEI-3227','BRAND','TYPE',1600,90,284882531);
/*!40000 ALTER TABLE `VEHICLE` ENABLE KEYS */;
UNLOCK TABLES;
/*!40103 SET TIME_ZONE=@OLD_TIME_ZONE */;

/*!40101 SET SQL_MODE=@OLD_SQL_MODE */;
/*!40014 SET FOREIGN_KEY_CHECKS=@OLD_FOREIGN_KEY_CHECKS */;
/*!40014 SET UNIQUE_CHECKS=@OLD_UNIQUE_CHECKS */;
/*!40101 SET CHARACTER_SET_CLIENT=@OLD_CHARACTER_SET_CLIENT */;
/*!40101 SET CHARACTER_SET_RESULTS=@OLD_CHARACTER_SET_RESULTS */;
/*!40101 SET COLLATION_CONNECTION=@OLD_COLLATION_CONNECTION */;
/*!40111 SET SQL_NOTES=@OLD_SQL_NOTES */;

-- Dump completed on 2017-09-30 11:04:21
